Image_Link,Species_Name,Common_Name
/afbid/search/browse/species/1503/28,Acrocephalus arundinaceus (1),Great Reed Warbler
/afbid/search/browse/species/1507/28,Acrocephalus gracilirostris (5),Lesser Swamp Warbler
/afbid/search/browse/species/1504/28,Acrocephalus griseldis (1),Basra Reed Warbler
/afbid/search/browse/species/1506/28,Acrocephalus rufescens (1),Greater Swamp Warbler
/afbid/search/browse/species/1499/28,Acrocephalus schoenobaenus (1),Sedge Warbler
/afbid/search/browse/species/349/28,Acryllium vulturinum (9),Vulturine Guineafowl
/afbid/search/browse/species/582/28,Actitis hypoleucos (4),Common Sandpiper
/afbid/search/browse/species/473/28,Actophilornis africanus (2),African Jacana
/afbid/search/browse/species/276/28,Aerospiza tachiro (1),African Goshawk
/afbid/search/browse/species/731/28,Agapornis fischeri (6),Fischer's Lovebird
/afbid/search/browse/species/730/28,Agapornis personatus (1),Yellow-collared Lovebird
/afbid/search/browse/species/1721/28,Agricola pallidus (1),Pale Flycatcher
/afbid/search/browse/species/2714/28,Alaudala athensis (2),Athi Short-toed Lark
/afbid/search/browse/species/179/28,Alopochen aegyptiaca (5),Egyptian Goose
/afbid/search/browse/species/2355/28,Amadina fasciata (5),Cut-throat Finch
/afbid/search/browse/species/429/28,Amaurornis flavirostra (6),Black Crake
/afbid/search/browse/species/2264/28,Amblyospiza albifrons (1),Thick-billed Weaver
/afbid/search/browse/species/1115/28,Amirafra collaris (1),Collared Lark
/afbid/search/browse/species/2203/28,Anaplectes rubriceps (5),Red-headed Weaver
/afbid/search/browse/species/513/28,Anarhynchus asiaticus (1),Caspian Plover
/afbid/search/browse/species/512/28,Anarhynchus leschenaultii (7),Greater Sand Plover
/afbid/search/browse/species/509/28,Anarhynchus marginatus (1),White-fronted Plover
/afbid/search/browse/species/511/28,Anarhynchus mongolus (7),Siberian Sand Plover
/afbid/search/browse/species/510/28,Anarhynchus pallidus (1),Chestnut-banded Plover
/afbid/search/browse/species/504/28,Anarhynchus pecuarius (4),Kittlitz's Plover
/afbid/search/browse/species/194/28,Anas capensis (4),Cape Teal
/afbid/search/browse/species/202/28,Anas erythrorhyncha (2),Red-billed Teal
/afbid/search/browse/species/199/28,Anas sparsa (1),African Black Duck
/afbid/search/browse/species/198/28,Anas undulata (1),Yellow-billed Duck
/afbid/search/browse/species/142/28,Anastomus lamelligerus (2),African Openbill
/afbid/search/browse/species/1278/28,Andropadus importunus (2),Sombre Greenbul
/afbid/search/browse/species/104/28,Anhinga rufa (2),African Darter
/afbid/search/browse/species/2370/28,Anomalospiza imberbis (3),Cuckoo-finch
/afbid/search/browse/species/646/28,Anous stolidus (1),Brown Noddy
/afbid/search/browse/species/645/28,Anous tenuirostris (2),Lesser Noddy
/afbid/search/browse/species/1862/28,Anthoscopus caroli (2),Grey Penduline Tit
/afbid/search/browse/species/1873/28,Anthreptes orientalis (5),Eastern Violet-backed Sunbird
/afbid/search/browse/species/1878/28,Anthreptes reichenowi (2),Plain-backed Sunbird
/afbid/search/browse/species/1222/28,Anthus cinnamomeus (2),African Pipit
/afbid/search/browse/species/1227/28,Anthus leucophrys (5),Plain-backed Pipit
/afbid/search/browse/species/1241/28,Anthus lineiventris (3),Striped Pipit
/afbid/search/browse/species/1231/28,Anthus melindae (7),Malindi Pipit
/afbid/search/browse/species/1234/28,Anthus sokokensis (5),Sokoke Pipit
/afbid/search/browse/species/1235/28,Anthus trivialis (1),Tree Pipit
/afbid/search/browse/species/1700/28,Apalis cinerea (2),Grey Apalis
/afbid/search/browse/species/1685/28,Apalis flavida (2),Yellow-breasted Apalis
/afbid/search/browse/species/2597/28,Apalis fuscigularis (2),Taita Apalis
/afbid/search/browse/species/1688/28,Apalis jacksoni (2),Black-throated Apalis
/afbid/search/browse/species/1691/28,Apalis melanocephala (3),Black-headed Apalis
/afbid/search/browse/species/1693/28,Apalis porphyrolaema (3),Chestnut-throated Apalis
/afbid/search/browse/species/909/28,Apaloderma narina (5),Narina's Trogon
/afbid/search/browse/species/908/28,Apaloderma vittatum (6),Bar-tailed Trogon
/afbid/search/browse/species/899/28,Apus affinis (3),Little Swift
/afbid/search/browse/species/890/28,Apus berliozi (1),Forbes-Watson's Swift
/afbid/search/browse/species/897/28,Apus caffer (1),White-rumped Swift
/afbid/search/browse/species/307/28,Aquila heliaca (1),Eastern Imperial Eagle
/afbid/search/browse/species/306/28,Aquila nipalensis (1),Steppe Eagle
/afbid/search/browse/species/305/28,Aquila rapax (11),Tawny Eagle
/afbid/search/browse/species/313/28,Aquila spilogaster (3),African Hawk-Eagle
/afbid/search/browse/species/310/28,Aquila verreauxii (1),Verreaux's Eagle
/afbid/search/browse/species/134/28,Ardea alba (1),Great Egret
/afbid/search/browse/species/133/28,Ardea brachyrhyncha (2),Yellow-billed Egret
/afbid/search/browse/species/136/28,Ardea cinerea (5),Grey Heron
/afbid/search/browse/species/139/28,Ardea goliath (9),Goliath Heron
/afbid/search/browse/species/124/28,Ardea ibis (1),Western Cattle Egret
/afbid/search/browse/species/137/28,Ardea melanocephala (11),Black-headed Heron
/afbid/search/browse/species/135/28,Ardea purpurea (1),Purple Heron
/afbid/search/browse/species/121/28,Ardeola idae (2),Malagasy Pond Heron
/afbid/search/browse/species/120/28,Ardeola ralloides (1),Squacco Heron
/afbid/search/browse/species/122/28,Ardeola rufiventris (2),Rufous-bellied Heron
/afbid/search/browse/species/455/28,Ardeotis kori (11),Kori Bustard
/afbid/search/browse/species/2731/28,Arizelocichla kakamegae (1),Kakamega Greenbul
/afbid/search/browse/species/2734/28,Arizelocichla kikuyuensis (5),Kikuyu Mountain Greenbul
/afbid/search/browse/species/2732/28,Arizelocichla striifacies (1),Olive-headed Greenbul
/afbid/search/browse/species/2144/28,Arizelopsar femoralis (3),Abbott’s Starling
/afbid/search/browse/species/288/28,Astur melanoleucus (5),Black Sparrowhawk
/afbid/search/browse/species/231/28,Aviceda cuculoides (2),African Cuckoo-Hawk
/afbid/search/browse/species/446/28,Balearica regulorum (9),Grey Crowned Crane
/afbid/search/browse/species/1484/28,Bathmocercus rufus (2),Black-faced Rufous Warbler
/afbid/search/browse/species/2662/28,Batis erlangeri (1),Western Black-headed Batis
/afbid/search/browse/species/1783/28,Batis mixta (3),Forest Batis
/afbid/search/browse/species/1786/28,Batis molitor (4),Chinspot Batis
/afbid/search/browse/species/1792/28,Batis perkeo (4),Pygmy Batis
/afbid/search/browse/species/1787/28,Batis soror (2),Pale Batis
/afbid/search/browse/species/1313/28,Bleda syndactylus (1),Red-tailed Bristlebill
/afbid/search/browse/species/2014/28,Bocagia minuta (1),Marsh Tchagra
/afbid/search/browse/species/151/28,Bostrychia hagedash (7),Hadada Ibis
/afbid/search/browse/species/153/28,Bostrychia olivacea (3),Olive Ibis
/afbid/search/browse/species/113/28,Botaurus minutus (2),Little Bittern
/afbid/search/browse/species/115/28,Botaurus sturmii (2),Dwarf Bittern
/afbid/search/browse/species/1723/28,Bradornis microrhynchus (11),African Grey Flycatcher
/afbid/search/browse/species/1477/28,Bradypterus cinnamomeus (2),Cinnamon Bracken Warbler
/afbid/search/browse/species/1475/28,Bradypterus lopezi (2),Evergreen Forest Warbler
/afbid/search/browse/species/2323/28,Brunhilda charmosyna (2),Black-cheeked Waxbill
/afbid/search/browse/species/2180/28,Bubalornis albirostris (3),White-billed Buffalo Weaver
/afbid/search/browse/species/2181/28,Bubalornis niger (2),Red-billed Buffalo Weaver
/afbid/search/browse/species/820/28,Bubo africanus (4),Spotted Eagle-Owl
/afbid/search/browse/species/819/28,Bubo capensis (3),Cape Eagle-Owl
/afbid/search/browse/species/821/28,Bubo cinerascens (5),Greyish Eagle-Owl
/afbid/search/browse/species/1016/28,Buccanodon duchaillui (1),Yellow-spotted Barbet
/afbid/search/browse/species/976/28,Bucorvus leadbeateri (3),Southern Ground Hornbill
/afbid/search/browse/species/2154/28,Buphagus africanus (1),Yellow-billed Oxpecker
/afbid/search/browse/species/2155/28,Buphagus erythrorhynchus (2),Red-billed Oxpecker
/afbid/search/browse/species/486/28,Burhinus capensis (2),Spotted Thick-knee
/afbid/search/browse/species/484/28,Burhinus senegalensis (2),Senegal Thick-knee
/afbid/search/browse/species/485/28,Burhinus vermiculatus (1),Water Thick-knee
/afbid/search/browse/species/301/28,Buteo augur (11),Augur Buzzard
/afbid/search/browse/species/294/28,Buteo buteo (2),Common Buzzard
/afbid/search/browse/species/295/28,Buteo oreophilus (3),Mountain Buzzard
/afbid/search/browse/species/125/28,Butorides striata (4),Striated Heron
/afbid/search/browse/species/994/28,Bycanistes brevis (5),Silvery-cheeked Hornbill
/afbid/search/browse/species/995/28,Bycanistes subcylindricus (2),Black-and-white-casqued Hornbill
/afbid/search/browse/species/1706/28,Calamonastes simplex (3),Grey Wren-Warbler
/afbid/search/browse/species/1146/28,Calandrella cinerea (3),Red-capped Lark
/afbid/search/browse/species/1116/28,Calendulauda africanoides (3),Fawn-colored Lark
/afbid/search/browse/species/1120/28,Calendulauda poecilosterna (7),Pink-breasted Lark
/afbid/search/browse/species/547/28,Calidris ferruginea (1),Curlew Sandpiper
/afbid/search/browse/species/539/28,Calidris minuta (6),Little Stint
/afbid/search/browse/species/553/28,Calidris pugnax (2),Ruff
/afbid/search/browse/species/2638/28,Camaroptera brevicaudata (3),Grey-backed Camaroptera
/afbid/search/browse/species/1705/28,Camaroptera chloronota (1),Olive-green Camaroptera
/afbid/search/browse/species/1255/28,Campephaga flava (4),Black Cuckooshrike
/afbid/search/browse/species/1256/28,Campephaga petiti (1),Petit's Cuckooshrike
/afbid/search/browse/species/1257/28,Campephaga quiscalina (2),Purple-throated Cuckooshrike
/afbid/search/browse/species/1066/28,Campethera cailliautii (1),Little Spotted Woodpecker
/afbid/search/browse/species/1064/28,Campethera mombassica (3),Mombasa Woodpecker
/afbid/search/browse/species/1059/28,Campethera nubica (5),Nubian Woodpecker
/afbid/search/browse/species/2720/28,Campethera taeniolaema (2),Fine-banded Woodpecker
/afbid/search/browse/species/361/28,Campocolinus coqui (10),Coqui Francolin
/afbid/search/browse/species/851/28,Caprimulgus clarus (2),Slender-tailed Nightjar
/afbid/search/browse/species/867/28,Caprimulgus fraenatus (1),Sombre Nightjar
/afbid/search/browse/species/855/28,Caprimulgus poliocephalus (2),Montane Nightjar
/afbid/search/browse/species/1260/28,Ceblepyris caesius (1),Grey Cuckooshrike
/afbid/search/browse/species/1189/28,Cecropis abyssinica (4),Lesser Striped Swallow
/afbid/search/browse/species/1191/28,Cecropis melanocrissus (3),African Red-rumped Swallow
/afbid/search/browse/species/1188/28,Cecropis senegalensis (2),Mosque Swallow
/afbid/search/browse/species/795/28,Centropus monachus (1),Blue-headed Coucal
/afbid/search/browse/species/791/28,Centropus superciliosus (8),White-browed Coucal
/afbid/search/browse/species/1380/28,Cercotrichas galactotes (1),Rufous-tailed Scrub Robin
/afbid/search/browse/species/1379/28,Cercotrichas leucophrys (4),White-browed Scrub Robin
/afbid/search/browse/species/1376/28,Cercotrichas quadrivirgata (1),Bearded Scrub Robin
/afbid/search/browse/species/932/28,Ceryle rudis (4),Pied Kingfisher
/afbid/search/browse/species/1898/28,Chalcomitra amethystina (3),Amethyst Sunbird
/afbid/search/browse/species/1900/28,Chalcomitra hunteri (4),Hunter's Sunbird
/afbid/search/browse/species/1899/28,Chalcomitra senegalensis (3),Scarlet-chested Sunbird
/afbid/search/browse/species/1440/28,Chamaetylas poliocephala (2),Brown-chested Alethe
/afbid/search/browse/species/502/28,Charadrius hiaticula (2),Common Ringed Plover
/afbid/search/browse/species/505/28,Charadrius tricollaris (2),Three-banded Plover
/afbid/search/browse/species/643/28,Chlidonias leucopterus (3),White-winged Tern
/afbid/search/browse/species/1283/28,Chlorocichla laetissima (4),Joyful Greenbul
/afbid/search/browse/species/1078/28,Chloropicus namaquus (2),Bearded Woodpecker
/afbid/search/browse/species/1080/28,Chloropicus xantholophus (1),Yellow-crested Woodpecker
/afbid/search/browse/species/606/28,Chroicocephalus cirrocephalus (5),Grey-headed Gull
/afbid/search/browse/species/775/28,Chrysococcyx caprius (3),Diederik Cuckoo
/afbid/search/browse/species/772/28,Chrysococcyx cupreus (1),African Emerald Cuckoo
/afbid/search/browse/species/1371/28,Cichladusa arquata (1),Collared Palm Thrush
/afbid/search/browse/species/1373/28,Cichladusa guttata (3),Spotted Palm Thrush
/afbid/search/browse/species/144/28,Ciconia abdimii (1),Abdim's Stork
/afbid/search/browse/species/146/28,Ciconia ciconia (3),White Stork
/afbid/search/browse/species/145/28,Ciconia microscelis (2),African Woolly-necked Stork
/afbid/search/browse/species/2146/28,Cinnyricinclus leucogaster (3),Violet-backed Starling
/afbid/search/browse/species/1934/28,Cinnyris bifasciatus (3),Purple-banded Sunbird
/afbid/search/browse/species/1936/28,Cinnyris chalcomelas (1),Violet-breasted Sunbird
/afbid/search/browse/species/1932/28,Cinnyris erythrocercus (3),Red-chested Sunbird
/afbid/search/browse/species/1930/28,Cinnyris mariquensis (7),Marico Sunbird
/afbid/search/browse/species/1925/28,Cinnyris mediocris (7),Eastern Double-collared Sunbird
/afbid/search/browse/species/2799/28,Cinnyris melanogastrus (1),Gorgeous Sunbird
/afbid/search/browse/species/1933/28,Cinnyris nectarinioides (5),Black-bellied Sunbird
/afbid/search/browse/species/1928/28,Cinnyris pulchellus (2),Beautiful Sunbird
/afbid/search/browse/species/1922/28,Cinnyris reichenowi (5),Northern Double-collared Sunbird
/afbid/search/browse/species/1935/28,Cinnyris tsavoensis (3),Tsavo Sunbird
/afbid/search/browse/species/1943/28,Cinnyris venustus (18),Variable Sunbird
/afbid/search/browse/species/257/28,Circaetus cinereus (4),Brown Snake Eagle
/afbid/search/browse/species/258/28,Circaetus fasciolatus (1),Southern Banded Snake Eagle
/afbid/search/browse/species/255/28,Circaetus pectoralis (5),Black-chested Snake Eagle
/afbid/search/browse/species/267/28,Circus macrourus (4),Pallid Harrier
/afbid/search/browse/species/268/28,Circus pygargus (6),Montagu's Harrier
/afbid/search/browse/species/1641/28,Cisticola aberdare (4),Aberdare Cisticola
/afbid/search/browse/species/1650/28,Cisticola angusticauda (1),Long-tailed Cisticola
/afbid/search/browse/species/1629/28,Cisticola bodessa (1),Boran Cisticola
/afbid/search/browse/species/1659/28,Cisticola brunnescens (5),Pectoral-patch Cisticola
/afbid/search/browse/species/1619/28,Cisticola cantans (1),Singing Cisticola
/afbid/search/browse/species/1638/28,Cisticola carruthersi (1),Carruthers’s Cisticola
/afbid/search/browse/species/1628/28,Cisticola chiniana (5),Rattling Cisticola
/afbid/search/browse/species/1624/28,Cisticola chubbi (2),Chubb's Cisticola
/afbid/search/browse/species/1631/28,Cisticola cinereolus (2),Ashy Cisticola
/afbid/search/browse/species/2728/28,Cisticola distinctus (1),Lynes's Cisticola
/afbid/search/browse/species/1618/28,Cisticola erythrops (1),Red-faced Cisticola
/afbid/search/browse/species/2659/28,Cisticola galactotes (2),Rufous-winged Cisticola
/afbid/search/browse/species/2740/28,Cisticola haematocephalus (1),Coastal Cisticola
/afbid/search/browse/species/1625/28,Cisticola hunteri (7),Hunter’s Cisticola
/afbid/search/browse/species/1636/28,Cisticola marginatus (6),Winding Cisticola
/afbid/search/browse/species/1645/28,Cisticola nana (2),Tiny Cisticola
/afbid/search/browse/species/1642/28,Cisticola natalensis (1),Croaking Cisticola
/afbid/search/browse/species/1640/28,Cisticola robustus (4),Stout Cisticola
/afbid/search/browse/species/1639/28,Cisticola tinniens (2),Levaillant’s Cisticola
/afbid/search/browse/species/761/28,Clamator glandarius (1),Great Spotted Cuckoo
/afbid/search/browse/species/759/28,Clamator jacobinus (1),Jacobin Cuckoo
/afbid/search/browse/species/304/28,Clanga clanga (1),Greater Spotted Eagle
/afbid/search/browse/species/303/28,Clanga pomarina (3),Lesser Spotted Eagle
/afbid/search/browse/species/2640/28,Coccopygia quartinia (2),Yellow-bellied Waxbill
/afbid/search/browse/species/907/28,Colius leucocephalus (5),White-headed Mousebird
/afbid/search/browse/species/906/28,Colius striatus (5),Speckled Mousebird
/afbid/search/browse/species/685/28,Columba arquatrix (1),African Olive Pigeon
/afbid/search/browse/species/683/28,Columba delegorguei (2),Eastern Bronze-naped Pigeon
/afbid/search/browse/species/694/28,Columba guinea (4),Speckled Pigeon
/afbid/search/browse/species/684/28,Columba larvata (1),Lemon Dove
/afbid/search/browse/species/956/28,Coracias caudatus (16),Lilac-breasted Roller
/afbid/search/browse/species/955/28,Coracias garrulus (7),European Roller
/afbid/search/browse/species/952/28,Coracias naevius (2),Purple Roller
/afbid/search/browse/species/2091/28,Corvus albicollis (1),White-necked Raven
/afbid/search/browse/species/2088/28,Corvus edithae (1),Somali Crow
/afbid/search/browse/species/2095/28,Corvus splendens (1),House Crow
/afbid/search/browse/species/1108/28,Corypha africana (6),Rufous-naped Lark
/afbid/search/browse/species/2788/28,Corypha athi (6),Sentinel Lark
/afbid/search/browse/species/1109/28,Corypha hypermetra (4),Red-winged Lark
/afbid/search/browse/species/925/28,Corythornis cristatus (6),Malachite Kingfisher
/afbid/search/browse/species/1361/28,Cossypha cyanocampter (1),Blue-shouldered Robin-Chat
/afbid/search/browse/species/1363/28,Cossypha heuglini (2),White-browed Robin-Chat
/afbid/search/browse/species/1362/28,Cossypha semirufa (2),Rüppell's Robin-Chat
/afbid/search/browse/species/355/28,Coturnix delegorguei (3),Harlequin Quail
/afbid/search/browse/species/2148/28,Creatophora cinerea (5),Wattled Starling
/afbid/search/browse/species/756/28,Crinifer leucogaster (7),White-bellied Go-away-bird
/afbid/search/browse/species/755/28,Crinifer personatus (5),Bare-faced Go-away-bird
/afbid/search/browse/species/758/28,Crinifer zonurus (1),Eastern Plantain-eater
/afbid/search/browse/species/2417/28,Crithagra burtoni (3),Thick-billed Seedeater
/afbid/search/browse/species/2395/28,Crithagra citrinelloides (6),African Citril
/afbid/search/browse/species/2410/28,Crithagra donaldsoni (3),Northern Grosbeak-Canary
/afbid/search/browse/species/2407/28,Crithagra dorsostriata (2),White-bellied Canary
/afbid/search/browse/species/2399/28,Crithagra koliensis (1),Papyrus Canary
/afbid/search/browse/species/2406/28,Crithagra mozambica (2),Yellow-fronted Canary
/afbid/search/browse/species/2403/28,Crithagra reichenowi (3),Reichenow’s Seedeater
/afbid/search/browse/species/2415/28,Crithagra striolata (6),Streaky Seedeater
/afbid/search/browse/species/2412/28,Crithagra sulphurata (12),Brimstone Canary
/afbid/search/browse/species/1006/28,Cryptolybia olivacea (2),Green Barbet
/afbid/search/browse/species/2307/28,Cryptospiza salvadorii (1),Abyssinian Crimsonwing
/afbid/search/browse/species/765/28,Cuculus canorus (6),Common Cuckoo
/afbid/search/browse/species/764/28,Cuculus clamosus (1),Black Cuckoo
/afbid/search/browse/species/766/28,Cuculus gularis (1),African Cuckoo
/afbid/search/browse/species/763/28,Cuculus solitarius (1),Red-chested Cuckoo
/afbid/search/browse/species/1584/28,Curruca boehmi (1),Banded Parisoma
/afbid/search/browse/species/1568/28,Curruca communis (2),Common Whitethroat
/afbid/search/browse/species/1563/28,Curruca nisoria (1),Barred Warbler
/afbid/search/browse/species/2596/28,Cursorius somalensis  (4),Somali Courser
/afbid/search/browse/species/490/28,Cursorius temminckii (3),Temminck's Courser
/afbid/search/browse/species/1892/28,Cyanomitra olivacea (2),Olive Sunbird
/afbid/search/browse/species/1894/28,Cyanomitra veroxii (1),Grey Sunbird
/afbid/search/browse/species/1887/28,Cyanomitra verticalis (2),Green-headed Sunbird
/afbid/search/browse/species/164/28,Dendrocygna viduata (4),White-faced Whistling Duck
/afbid/search/browse/species/1076/28,Dendropicos fuscescens (1),Cardinal Woodpecker
/afbid/search/browse/species/1082/28,Dendropicos goertae (4),African Grey Woodpecker
/afbid/search/browse/species/1083/28,Dendropicos spodocephalus (2),Eastern Grey Woodpecker
/afbid/search/browse/species/1358/28,Dessonornis caffra (2),Cape Robin-Chat
/afbid/search/browse/species/2078/28,Dicrurus adsimilis (9),Fork-tailed Drongo
/afbid/search/browse/species/2689/28,Dicrurus sharpei (2),Sharpe's Drongo
/afbid/search/browse/species/2182/28,Dinemellia dinemelli (8),White-headed Buffalo Weaver
/afbid/search/browse/species/1907/28,Drepanorhynchus reichenowi (12),Golden-winged Sunbird
/afbid/search/browse/species/477/28,Dromas ardeola (2),Crab-plover
/afbid/search/browse/species/2023/28,Dryoscopus gambensis (1),Northern Puffback
/afbid/search/browse/species/130/28,Egretta dimorpha (1),Dimorphic Egret
/afbid/search/browse/species/131/28,Egretta garzetta (3),Little Egret
/afbid/search/browse/species/236/28,Elanus caeruleus (8),Black-winged Kite
/afbid/search/browse/species/1757/28,Elminia albonotata (1),White-tailed Crested Flycatcher
/afbid/search/browse/species/1753/28,Elminia longicauda (1),African Blue Flycatcher
/afbid/search/browse/species/1755/28,Elminia nigromitrata (1),Dusky Crested Flycatcher
/afbid/search/browse/species/2455/28,Emberiza flaviventris (1),Golden-breasted Bunting
/afbid/search/browse/species/2456/28,Emberiza poliopleura (3),Somali Bunting
/afbid/search/browse/species/2458/28,Emberiza tahapisi (3),Cinnamon-breasted Bunting
/afbid/search/browse/species/1710/28,Eminia lepida (5),Grey-capped Warbler
/afbid/search/browse/species/1726/28,Empidornis semipartitus (1),Silverbird
/afbid/search/browse/species/147/28,Ephippiorhynchus senegalensis (3),Saddle-billed Stork
/afbid/search/browse/species/1524/28,Eremomela flavicrissalis (2),Yellow-vented Eremomela
/afbid/search/browse/species/1532/28,Eremomela turneri (2),Turner’s Eremomela
/afbid/search/browse/species/1171/28,Eremopterix leucopareia (13),Fischer's Sparrow-Lark
/afbid/search/browse/species/1170/28,Eremopterix signata (5),Chestnut-headed Sparrow-Lark
/afbid/search/browse/species/1751/28,Erythrocercus holochlorus (4),Little Yellow Flycatcher
/afbid/search/browse/species/2317/28,Estrilda astrild (3),Common Waxbill
/afbid/search/browse/species/2675/28,Estrilda kandti (1),Kandt's Waxbill
/afbid/search/browse/species/2368/28,Euodice cantans (1),African Silverbill
/afbid/search/browse/species/2274/28,Euplectes afer (2),Yellow-crowned Bishop
/afbid/search/browse/species/2278/28,Euplectes albonotatus (5),White-winged Widowbird
/afbid/search/browse/species/2281/28,Euplectes axillaris (3),Fan-tailed Widowbird
/afbid/search/browse/species/2277/28,Euplectes capensis (4),Yellow Bishop
/afbid/search/browse/species/2275/28,Euplectes diadematus (1),Fire-fronted Bishop
/afbid/search/browse/species/2273/28,Euplectes gierowii (1),Black Bishop
/afbid/search/browse/species/2285/28,Euplectes jacksoni (6),Jackson's Widowbird
/afbid/search/browse/species/2773/28,Euplectes laticauda (4),Red-cowled Widowbird
/afbid/search/browse/species/2271/28,Euplectes nigroventris (3),Zanzibar Red Bishop
/afbid/search/browse/species/2270/28,Euplectes orix (1),Southern Red Bishop
/afbid/search/browse/species/2284/28,Euplectes progne (3),Long-tailed Widowbird
/afbid/search/browse/species/466/28,Eupodotis senegalensis (11),White-bellied Bustard
/afbid/search/browse/species/1274/28,Eurillas ansorgei (2),Ansorge's Greenbul
/afbid/search/browse/species/1277/28,Eurillas latirostris (3),Yellow-whiskered Greenbul
/afbid/search/browse/species/1996/28,Eurocephalus rueppelli (7),Northern White-crowned Shrike
/afbid/search/browse/species/334/28,Falco amurensis (1),Amur Falcon
/afbid/search/browse/species/329/28,Falco ardosiaceus (1),Grey Kestrel
/afbid/search/browse/species/322/28,Falco naumanni (2),Lesser Kestrel
/afbid/search/browse/species/342/28,Falco peregrinus (1),Peregrine Falcon
/afbid/search/browse/species/323/28,Falco tinnunculus (3),Common Kestrel
/afbid/search/browse/species/1162/28,Galerida theklae (1),Thekla's Lark
/afbid/search/browse/species/555/28,Gallinago gallinago (3),Common Snipe
/afbid/search/browse/species/558/28,Gallinago media (1),Great Snipe
/afbid/search/browse/species/556/28,Gallinago nigripennis (1),African Snipe
/afbid/search/browse/species/436/28,Gallinula chloropus (3),Common Moorhen
/afbid/search/browse/species/623/28,Gelochelidon nilotica (1),Gull-billed Tern
/afbid/search/browse/species/1453/28,Geokichla guttata (1),Spotted Ground Thrush
/afbid/search/browse/species/498/28,Glareola nuchalis (2),Rock Pratincole
/afbid/search/browse/species/830/28,Glaucidium perlatum (1),Pearl-spotted Owlet
/afbid/search/browse/species/2333/28,Granatina ianthinogaster (19),Purple Grenadier
/afbid/search/browse/species/348/28,Guttera pucherani (2),Eastern Crested Guineafowl
/afbid/search/browse/species/999/28,Gymnobucco bonapartei (4),Grey-throated Barbet
/afbid/search/browse/species/2177/28,Gymnoris pyrgita (4),Yellow-spotted Bush Sparrow
/afbid/search/browse/species/243/28,Gypohierax angolensis (1),Palm-nut Vulture
/afbid/search/browse/species/247/28,Gyps africanus (8),White-backed Vulture
/afbid/search/browse/species/248/28,Gyps rueppellii (4),Rüppell's Vulture
/afbid/search/browse/species/912/28,Halcyon albiventris (2),Brown-hooded Kingfisher
/afbid/search/browse/species/917/28,Halcyon chelicuti (2),Striped Kingfisher
/afbid/search/browse/species/913/28,Halcyon leucocephala (10),Grey-headed Kingfisher
/afbid/search/browse/species/916/28,Halcyon senegaloides (1),Mangrove Kingfisher
/afbid/search/browse/species/240/28,Haliaeetus vocifer (10),African Fish Eagle
/afbid/search/browse/species/1910/28,Hedydipna collaris (12),Collared Sunbird
/afbid/search/browse/species/1913/28,Hedydipna pallidigaster (6),Amani Sunbird
/afbid/search/browse/species/311/28,Hieraaetus wahlbergi (1),Wahlberg's Eagle
/afbid/search/browse/species/481/28,Himantopus himantopus (3),Black-winged Stilt
/afbid/search/browse/species/1520/28,Hippolais icterina (1),Icterine Warbler
/afbid/search/browse/species/1518/28,Hippolais olivetorum (1),Olive-tree Warbler
/afbid/search/browse/species/1516/28,Hippolais pallida (1),Eastern Olivaceous Warbler
/afbid/search/browse/species/1207/28,Hirundo aethiopica (1),Ethiopian Swallow
/afbid/search/browse/species/1209/28,Hirundo angolensis (3),Angola Swallow
/afbid/search/browse/species/1211/28,Hirundo rustica (1),Barn Swallow
/afbid/search/browse/species/1202/28,Hirundo smithii (4),Wire-tailed Swallow
/afbid/search/browse/species/2337/28,Hypargos niveoguttatus (2),Red-throated Twinspot
/afbid/search/browse/species/597/28,Ichthyaetus hemprichii (1),Sooty Gull
/afbid/search/browse/species/1513/28,Iduna natalensis (1),African Yellow Warbler
/afbid/search/browse/species/1514/28,Iduna similis (1),Mountain Yellow Warbler
/afbid/search/browse/species/1802/28,Illadopsis pyrrhoptera (2),Mountain Illadopsis
/afbid/search/browse/species/1048/28,Indicator indicator (2),Greater Honeyguide
/afbid/search/browse/species/1054/28,Indicator meliphilus (1),Pallid Honeyguide
/afbid/search/browse/species/1047/28,Indicator variegatus (3),Scaly-throated Honeyguide
/afbid/search/browse/species/1351/28,Irania gutturalis (2),White-throated Robin
/afbid/search/browse/species/921/28,Ispidina picta (3),African Pygmy Kingfisher
/afbid/search/browse/species/1056/28,Jynx ruficollis (1),Red-throated Wryneck
/afbid/search/browse/species/293/28,Kaupifalco monogrammicus (1),Lizard Buzzard
/afbid/search/browse/species/825/28,Ketupa lacteus (7),Verreaux's Eagle-Owl
/afbid/search/browse/species/2345/28,Lagonosticta senegala (1),Red-billed Firefinch
/afbid/search/browse/species/2123/28,Lamprotornis chalybaeus (7),Greater Blue-eared Starling
/afbid/search/browse/species/2124/28,Lamprotornis chloropterus (1),Lesser Blue-eared Starling
/afbid/search/browse/species/2139/28,Lamprotornis fischeri (9),Fischer’s Starling
/afbid/search/browse/species/2136/28,Lamprotornis hildebrandti (7),Hildebrandt's Starling
/afbid/search/browse/species/2129/28,Lamprotornis purpuroptera (7),Rüppell’s Starling
/afbid/search/browse/species/2134/28,Lamprotornis regius (8),Golden-breasted Starling
/afbid/search/browse/species/2137/28,Lamprotornis superbus (16),Superb Starling
/afbid/search/browse/species/2040/28,Laniarius erythrogaster (2),Black-headed Gonolek
/afbid/search/browse/species/2028/28,Laniarius funebris (3),Slate-colored Boubou
/afbid/search/browse/species/2029/28,Laniarius luehderi (1),Lühder’s Bushshrike
/afbid/search/browse/species/2034/28,Laniarius major (4),Tropical Boubou
/afbid/search/browse/species/2039/28,Laniarius mufumbiri (1),Papyrus Gonolek
/afbid/search/browse/species/2665/28,Laniarius sublacteus (2),East Coast Boubou
/afbid/search/browse/species/1982/28,Lanius cabanisi (11),Long-tailed Fiscal
/afbid/search/browse/species/1990/28,Lanius collurio (3),Red-backed Shrike
/afbid/search/browse/species/1980/28,Lanius dorsalis (4),Taita Fiscal
/afbid/search/browse/species/1985/28,Lanius excubitorius (10),Grey-backed Fiscal
/afbid/search/browse/species/2663/28,Lanius humeralis (5),Northern Fiscal
/afbid/search/browse/species/1989/28,Lanius isabellinus (2),Isabelline Shrike
/afbid/search/browse/species/1983/28,Lanius mackinnoni (2),Mackinnon’s Shrike
/afbid/search/browse/species/1995/28,Lanius melanoleucus (2),Magpie Shrike
/afbid/search/browse/species/2614/28,Lanius phoenicuroides (1),Red-tailed Shrike
/afbid/search/browse/species/1981/28,Lanius somalicus (3),Somali Fiscal
/afbid/search/browse/species/614/28,Larus fuscus (2),Lesser Black-backed Gull
/afbid/search/browse/species/148/28,Leptoptilos crumenifer (13),Marabou Stork
/afbid/search/browse/species/564/28,Limosa limosa (2),Black-tailed Godwit
/afbid/search/browse/species/468/28,Lissotis hartlaubii (9),Hartlaub's Bustard
/afbid/search/browse/species/467/28,Lissotis melanogaster (12),Black-bellied Bustard
/afbid/search/browse/species/1495/28,Locustella fluviatilis (1),River Warbler
/afbid/search/browse/species/316/28,Lophaetus occipitalis (9),Long-crested Eagle
/afbid/search/browse/species/989/28,Lophoceros alboterminatus (2),Crowned Hornbill
/afbid/search/browse/species/986/28,Lophoceros hemprichii (1),Hemprich's Hornbill
/afbid/search/browse/species/991/28,Lophoceros nasutus (5),African Grey Hornbill
/afbid/search/browse/species/459/28,Lophotis gindiana (9),Buff-crested Bustard
/afbid/search/browse/species/1348/28,Luscinia megarhynchos (1),Common Nightingale
/afbid/search/browse/species/1025/28,Lybius leucocephalus (4),White-headed Barbet
/afbid/search/browse/species/1252/28,Macronyx ameliae (3),Rosy-throated Longclaw
/afbid/search/browse/species/1251/28,Macronyx aurantiigula (3),Pangani Longclaw
/afbid/search/browse/species/1250/28,Macronyx croceus (9),Yellow-throated Longclaw
/afbid/search/browse/species/1246/28,Macronyx sharpei (8),Sharpe's Longclaw
/afbid/search/browse/species/2000/28,Malacanotus blanchoti (1),Grey-headed Bushshrike
/afbid/search/browse/species/2202/28,Malimbus rubricollis (2),Red-headed Malimbe
/afbid/search/browse/species/191/28,Mareca strepera (1),Gadwall
/afbid/search/browse/species/931/28,Megaceryle maxima (5),Giant Kingfisher
/afbid/search/browse/species/1719/28,Melaenornis edolioides (2),Northern Black Flycatcher
/afbid/search/browse/species/1715/28,Melaenornis fischeri (9),White-eyed Slaty Flycatcher
/afbid/search/browse/species/1720/28,Melaenornis pammelaina (1),Southern Black Flycatcher
/afbid/search/browse/species/1849/28,Melaniparus albiventris (4),White-bellied Tit
/afbid/search/browse/species/1847/28,Melaniparus fringillinus (1),Red-throated Tit
/afbid/search/browse/species/1845/28,Melaniparus thruppi (1),Acacia Tit
/afbid/search/browse/species/273/28,Melierax metabates (2),Dark Chanting Goshawk
/afbid/search/browse/species/275/28,Melierax poliopterus (5),Eastern Chanting Goshawk
/afbid/search/browse/species/1491/28,Melocichla mentalis (4),Moustached Grass Warbler
/afbid/search/browse/species/943/28,Merops albicollis (9),White-throated Bee-eater
/afbid/search/browse/species/948/28,Merops apiaster (1),European Bee-eater
/afbid/search/browse/species/941/28,Merops bullockoides (5),White-fronted Bee-eater
/afbid/search/browse/species/934/28,Merops muelleri (6),Blue-headed Bee-eater
/afbid/search/browse/species/950/28,Merops nubicus (2),Northern Carmine Bee-eater
/afbid/search/browse/species/938/28,Merops oreobates (7),Cinnamon-chested Bee-eater
/afbid/search/browse/species/946/28,Merops persicus (1),Blue-cheeked Bee-eater
/afbid/search/browse/species/936/28,Merops pusillus (11),Little Bee-eater
/afbid/search/browse/species/942/28,Merops revoilii (6),Somali Bee-eater
/afbid/search/browse/species/99/28,Microcarbo africanus (9),Reed Cormorant
/afbid/search/browse/species/272/28,Micronisus gabar (9),Gabar Goshawk
/afbid/search/browse/species/2647/28,Milvus aegyptius (3),Yellow-billed Kite
/afbid/search/browse/species/238/28,Milvus migrans (1),Black Kite
/afbid/search/browse/species/1101/28,Mirafra javanica (2),Singing Bush Lark
/afbid/search/browse/species/1107/28,Mirafra pulpa (1),Friedmann's Lark
/afbid/search/browse/species/1106/28,Mirafra williamsi (3),Williams's Lark
/afbid/search/browse/species/1435/28,Monticola rufocinereus (2),Little Rock Thrush
/afbid/search/browse/species/1436/28,Monticola saxatilis (1),Common Rock Thrush
/afbid/search/browse/species/1220/28,Motacilla aguimp (1),African Pied Wagtail
/afbid/search/browse/species/1215/28,Motacilla capensis (1),Cape Wagtail
/afbid/search/browse/species/1218/28,Motacilla clara (1),Mountain Wagtail
/afbid/search/browse/species/1213/28,Motacilla flava (3),Western Yellow Wagtail
/afbid/search/browse/species/1734/28,Muscicapa adusta (5),African Dusky Flycatcher
/afbid/search/browse/species/1730/28,Muscicapa aquatica (1),Swamp Flycatcher
/afbid/search/browse/species/1728/28,Muscicapa gambagae (1),Gambaga Flycatcher
/afbid/search/browse/species/1727/28,Muscicapa striata (2),Spotted Flycatcher
/afbid/search/browse/species/753/28,Musophaga rossae (1),Ross's Turaco
/afbid/search/browse/species/141/28,Mycteria ibis (6),Yellow-billed Stork
/afbid/search/browse/species/1420/28,Myrmecocichla aethiops (6),Anteater Chat
/afbid/search/browse/species/1422/28,Myrmecocichla nigra (9),Sooty Chat
/afbid/search/browse/species/246/28,Necrosyrtes monachus (4),Hooded Vulture
/afbid/search/browse/species/1909/28,Nectarinia famosa (2),Malachite Sunbird
/afbid/search/browse/species/1908/28,Nectarinia johnstoni (3),Scarlet-tufted Sunbird
/afbid/search/browse/species/1906/28,Nectarinia kilimensis (22),Bronze Sunbird
/afbid/search/browse/species/1905/28,Nectarinia tacazze (2),Tacazze Sunbird
/afbid/search/browse/species/1444/28,Neocossyphus poensis (3),White-tailed Ant Thrush
/afbid/search/browse/species/1443/28,Neocossyphus rufus (1),Red-tailed Ant Thrush
/afbid/search/browse/species/1185/28,Neophedina cincta (1),Banded Martin
/afbid/search/browse/species/245/28,Neophron percnopterus (1),Egyptian Vulture
/afbid/search/browse/species/449/28,Neotis denhami (1),Denham’s Bustard
/afbid/search/browse/species/452/28,Neotis heuglinii (5),Heuglin's Bustard
/afbid/search/browse/species/1327/28,Nicator gularis (1),Eastern Nicator
/afbid/search/browse/species/2293/28,Nigrita canicapillus (3),Grey-headed Nigrita
/afbid/search/browse/species/2122/28,Notopholia corrusca (2),Black-bellied Starling
/afbid/search/browse/species/350/28,Numida meleagris (1),Helmeted Guineafowl
/afbid/search/browse/species/119/28,Nycticorax nycticorax (1),Black-crowned Night Heron
/afbid/search/browse/species/680/28,Oena capensis (3),Namaqua Dove
/afbid/search/browse/species/1410/28,Oenanthe isabellina (2),Isabelline Wheatear
/afbid/search/browse/species/2610/28,Oenanthe lugubris (2),Abyssinian Wheatear
/afbid/search/browse/species/1397/28,Oenanthe oenanthe (3),Northern Wheatear
/afbid/search/browse/species/1398/28,Oenanthe pleschanka (1),Pied Wheatear
/afbid/search/browse/species/1415/28,Oenanthe scotocerca (1),Brown-tailed Rock Chat
/afbid/search/browse/species/2108/28,Onychognathus morio (6),Red-winged Starling
/afbid/search/browse/species/2112/28,Onychognathus salvadorii (4),Bristle-crowned Starling
/afbid/search/browse/species/2114/28,Onychognathus tenuirostris (1),Slender-billed Starling
/afbid/search/browse/species/1682/28,Oreolais pulcher (4),Black-collared Apalis
/afbid/search/browse/species/2059/28,Oriolus auratus (1),African Golden Oriole
/afbid/search/browse/species/2058/28,Oriolus chlorocephalus (1),Green-headed Oriole
/afbid/search/browse/species/2056/28,Oriolus larvatus (1),Black-headed Oriole
/afbid/search/browse/species/2060/28,Oriolus oriolus (2),Eurasian Golden Oriole
/afbid/search/browse/species/2055/28,Oriolus percivali (3),Mountain Oriole
/afbid/search/browse/species/371/28,Ortygornis sephaena (6),Crested Francolin
/afbid/search/browse/species/2357/28,Ortygospiza atricollis (2),Quailfinch
/afbid/search/browse/species/801/28,Otus ireneae (9),Sokoke Scops Owl
/afbid/search/browse/species/804/28,Otus senegalensis (1),African Scops Owl
/afbid/search/browse/species/437/28,Paragallinula angulata (2),Lesser Moorhen
/afbid/search/browse/species/2171/28,Passer castanopterus (2),Somali Sparrow
/afbid/search/browse/species/2168/28,Passer domesticus (3),House Sparrow
/afbid/search/browse/species/2173/28,Passer eminibey (7),Chestnut Sparrow
/afbid/search/browse/species/2158/28,Passer gongonensis (9),Parrot-billed Sparrow
/afbid/search/browse/species/2156/28,Passer griseus (4),Northern Grey-headed Sparrow
/afbid/search/browse/species/2162/28,Passer rufocinctus (11),Kenya Sparrow
/afbid/search/browse/species/2159/28,Passer suahelicus (2),Swahili Sparrow
/afbid/search/browse/species/105/28,Pelecanus onocrotalus (6),Great White Pelican
/afbid/search/browse/species/106/28,Pelecanus rufescens (2),Pink-backed Pelican
/afbid/search/browse/species/233/28,Pernis apivorus (1),European Honey Buzzard
/afbid/search/browse/species/93/28,Phalacrocorax lucidus (8),White-breasted Cormorant
/afbid/search/browse/species/162/28,Phoeniconaias minor (5),Lesser Flamingo
/afbid/search/browse/species/161/28,Phoenicopterus roseus (1),Greater Flamingo
/afbid/search/browse/species/967/28,Phoeniculus bollei (1),White-headed Wood Hoopoe
/afbid/search/browse/species/2651/28,Phoeniculus granti (2),Grant's Wood Hoopoe
/afbid/search/browse/species/968/28,Phoeniculus purpureus (3),Green Wood Hoopoe
/afbid/search/browse/species/2145/28,Pholia sharpii (3),Sharpe’s Starling
/afbid/search/browse/species/1307/28,Phyllastrephus debilis (4),Lowland Tiny Greenbul
/afbid/search/browse/species/1296/28,Phyllastrephus hypochloris (1),Toro Olive Greenbul
/afbid/search/browse/species/2727/28,Phyllastrephus placidus (4),Placid Greenbul
/afbid/search/browse/species/1292/28,Phyllastrephus strepitans (2),Northern Brownbul
/afbid/search/browse/species/1543/28,Phylloscopus trochilus (1),Willow Warbler
/afbid/search/browse/species/1553/28,Phylloscopus umbrovirens (2),Brown Woodland Warbler
/afbid/search/browse/species/1418/28,Pinarochroa sordida (3),Moorland Chat
/afbid/search/browse/species/160/28,Platalea alba (10),African Spoonbill
/afbid/search/browse/species/1772/28,Platysteira castanea (2),Chestnut Wattle-eye
/afbid/search/browse/species/1778/28,Platysteira cyanea (2),Brown-throated Wattle-eye
/afbid/search/browse/species/1776/28,Platysteira jamesoni (2),Jameson’s Wattle-eye
/afbid/search/browse/species/1780/28,Platysteira peltata (1),Black-throated Wattle-eye
/afbid/search/browse/species/183/28,Plectropterus gambensis (1),Spur-winged Goose
/afbid/search/browse/species/150/28,Plegadis falcinellus (1),Glossy Ibis
/afbid/search/browse/species/2186/28,Plocepasser donaldsoni (7),Donaldson-Smith's Sparrow-Weaver
/afbid/search/browse/species/2183/28,Plocepasser mahali (11),White-browed Sparrow-Weaver
/afbid/search/browse/species/2206/28,Ploceus baglafecht (11),Baglafecht Weaver
/afbid/search/browse/species/2252/28,Ploceus bicolor (2),Dark-backed Weaver
/afbid/search/browse/species/2222/28,Ploceus bojeri (17),Golden Palm Weaver
/afbid/search/browse/species/2223/28,Ploceus castaneiceps (5),Taveta Weaver
/afbid/search/browse/species/2226/28,Ploceus castanops (3),Northern Brown-throated Weaver
/afbid/search/browse/species/2240/28,Ploceus cucullatus (12),Village Weaver
/afbid/search/browse/species/2243/28,Ploceus golandi (6),Kilifi Weaver
/afbid/search/browse/species/2253/28,Ploceus insignis (3),Brown-capped Weaver
/afbid/search/browse/species/2229/28,Ploceus intermedius (6),Lesser Masked Weaver
/afbid/search/browse/species/2246/28,Ploceus jacksoni (7),Golden-backed Weaver
/afbid/search/browse/species/2210/28,Ploceus luteolus (4),Little Weaver
/afbid/search/browse/species/2215/28,Ploceus melanogaster (1),Black-billed Weaver
/afbid/search/browse/species/2213/28,Ploceus nigricollis (2),Black-necked Weaver
/afbid/search/browse/species/2214/28,Ploceus ocularis (3),Spectacled Weaver
/afbid/search/browse/species/2211/28,Ploceus pelzelni (2),Slender-billed Weaver
/afbid/search/browse/species/2247/28,Ploceus rubiginosus (1),Chestnut Weaver
/afbid/search/browse/species/2237/28,Ploceus spekei (12),Speke’s Weaver
/afbid/search/browse/species/2219/28,Ploceus subaureus (10),Eastern Golden Weaver
/afbid/search/browse/species/2228/28,Ploceus taeniopterus (3),Northern Masked Weaver
/afbid/search/browse/species/2231/28,Ploceus vitellinus (1),Vitelline Masked Weaver
/afbid/search/browse/species/2220/28,Ploceus xanthops (5),Holub’s Golden Weaver
/afbid/search/browse/species/2104/28,Poeoptera stuhlmanni (3),Stuhlmann’s Starling
/afbid/search/browse/species/1013/28,Pogoniulus bilineatus (1),Yellow-rumped Tinkerbird
/afbid/search/browse/species/1009/28,Pogoniulus leucomystax (1),Moustached Tinkerbird
/afbid/search/browse/species/1014/28,Pogoniulus pusillus (1),Red-fronted Tinkerbird
/afbid/search/browse/species/1008/28,Pogoniulus simplex (1),Green Tinkerbird
/afbid/search/browse/species/1335/28,Pogonocichla stellata (1),White-starred Robin
/afbid/search/browse/species/1032/28,Pogonornis bidentatus (5),Double-toothed Barbet
/afbid/search/browse/species/1030/28,Pogonornis melanopterus (2),Brown-breasted Barbet
/afbid/search/browse/species/717/28,Poicephalus gulielmi (1),Red-fronted Parrot
/afbid/search/browse/species/718/28,Poicephalus meyeri (7),Meyer's Parrot
/afbid/search/browse/species/721/28,Poicephalus rufiventris (4),Red-bellied Parrot
/afbid/search/browse/species/319/28,Polemaetus bellicosus (7),Martial Eagle
/afbid/search/browse/species/321/28,Polihierax semitorquatus (5),Pygmy Falcon
/afbid/search/browse/species/2648/28,Porphyrio madagascariensis (2),African Swamphen
/afbid/search/browse/species/2754/28,Prinia melanops (1),Black-faced Prinia
/afbid/search/browse/species/1678/28,Prinia rufifrons (2),Red-fronted Prinia
/afbid/search/browse/species/1667/28,Prinia somalica (3),Pale Prinia
/afbid/search/browse/species/1665/28,Prinia subflava (3),Tawny-flanked Prinia
/afbid/search/browse/species/2044/28,Prionops plumatus (2),White-crested Helmetshrike
/afbid/search/browse/species/2045/28,Prionops poliolophus (4),Grey-crested Helmetshrike
/afbid/search/browse/species/2049/28,Prionops retzii (2),Retz’s Helmetshrike
/afbid/search/browse/species/2051/28,Prionops scopifrons (5),Chestnut-fronted Helmetshrike
/afbid/search/browse/species/1042/28,Prodotiscus regulus (1),Brown-backed Honeybird
/afbid/search/browse/species/1178/28,Psalidoprocne albiceps (1),White-headed Saw-wing
/afbid/search/browse/species/1186/28,Pseudhirundo griseopyga (1),Grey-rumped Swallow
/afbid/search/browse/species/2190/28,Pseudonigrita arnaudi (8),Grey-capped Social Weaver
/afbid/search/browse/species/2191/28,Pseudonigrita cabanisi (5),Black-capped Social Weaver
/afbid/search/browse/species/393/28,Pternistis afer (6),Red-necked Spurfowl
/afbid/search/browse/species/377/28,Pternistis hildebrandti (2),Hildebrandt's Spurfowl
/afbid/search/browse/species/388/28,Pternistis jacksoni (9),Jackson's Spurfowl
/afbid/search/browse/species/395/28,Pternistis leucoscepus (8),Yellow-necked Spurfowl
/afbid/search/browse/species/372/28,Pternistis squamatus (1),Scaly Spurfowl
/afbid/search/browse/species/660/28,Pterocles decoratus (9),Black-faced Sandgrouse
/afbid/search/browse/species/654/28,Pterocles exustus (6),Chestnut-bellied Sandgrouse
/afbid/search/browse/species/664/28,Pterocles gutturalis (8),Yellow-throated Sandgrouse
/afbid/search/browse/species/661/28,Pterocles lichtensteinii (2),Lichtenstein's Sandgrouse
/afbid/search/browse/species/814/28,Ptilopsis leucotis (2),Northern White-faced Owl
/afbid/search/browse/species/2793/28,Ptyonoprogne rufigula (6),Red-throated Rock Martin
/afbid/search/browse/species/2683/28,Pycnonotus dodsoni (1),Dodson's Bulbul
/afbid/search/browse/species/2684/28,Pycnonotus tricolor (5),Dark-capped Bulbul
/afbid/search/browse/species/2343/28,Pytilia melba (3),Green-winged Pytilia
/afbid/search/browse/species/2267/28,Quelea quelea (3),Red-billed Quelea
/afbid/search/browse/species/422/28,Rallus caerulescens (1),African Rail
/afbid/search/browse/species/482/28,Recurvirostra avosetta (2),Pied Avocet
/afbid/search/browse/species/971/28,Rhinopomastus cyanomelas (1),Common Scimitarbill
/afbid/search/browse/species/973/28,Rhinopomastus minor (4),Abyssinian Scimitarbill
/afbid/search/browse/species/491/28,Rhinoptilus africanus (3),Double-banded Courser
/afbid/search/browse/species/492/28,Rhinoptilus cinctus (4),Three-banded Courser
/afbid/search/browse/species/1182/28,Riparia paludicola (1),Brown-throated Martin
/afbid/search/browse/species/320/28,Sagittarius serpentarius (6),Secretarybird
/afbid/search/browse/species/185/28,Sarkidiornis melanotos (3),Knob-billed Duck
/afbid/search/browse/species/408/28,Sarothrura pulchra (3),White-spotted Flufftail
/afbid/search/browse/species/1388/28,Saxicola torquatus (2),African Stonechat
/afbid/search/browse/species/1673/28,Schistolais leucopogon (3),White-chinned Prinia
/afbid/search/browse/species/366/28,Scleroptila levaillantii (1),Red-winged Francolin
/afbid/search/browse/species/368/28,Scleroptila shelleyi (6),Shelley's Francolin
/afbid/search/browse/species/140/28,Scopus umbretta (6),Hamerkop
/afbid/search/browse/species/2612/28,Serinus flavivertex (3),Yellow-crowned Canary
/afbid/search/browse/species/1340/28,Sheppardia aequatorialis (4),Equatorial Akalat
/afbid/search/browse/species/1342/28,Sheppardia gunningi (1),East Coast Akalat
/afbid/search/browse/species/1360/28,Sheppardia polioptera (2),Grey-winged Robin-Chat
/afbid/search/browse/species/203/28,Spatula hottentota (1),Blue-billed Teal
/afbid/search/browse/species/2142/28,Speculipastor bicolor (7),Magpie Starling
/afbid/search/browse/species/2365/28,Spermestes bicolor (3),Black-and-White Mannikin
/afbid/search/browse/species/2364/28,Spermestes cucullata (2),Bronze Mannikin
/afbid/search/browse/species/2363/28,Spermestes griseicapilla (3),Grey-headed Silverbill
/afbid/search/browse/species/711/28,Spilopelia senegalensis (1),Laughing Dove
/afbid/search/browse/species/1158/28,Spizocorys fremantlii (2),Short-tailed Lark
/afbid/search/browse/species/1154/28,Spizocorys personata (2),Masked Lark
/afbid/search/browse/species/2188/28,Sporopipes frontalis (8),Speckle-fronted Weaver
/afbid/search/browse/species/1003/28,Stactolaema leucotis (1),White-eared Barbet
/afbid/search/browse/species/1276/28,Stelgidillas gracilirostris (4),Slender-billed Greenbul
/afbid/search/browse/species/318/28,Stephanoaetus coronatus (11),Crowned Eagle
/afbid/search/browse/species/630/28,Sterna dougallii (1),Roseate Tern
/afbid/search/browse/species/639/28,Sternula saundersi (2),Saunders's Tern
/afbid/search/browse/species/704/28,Streptopelia capicola (7),Ring-necked Dove
/afbid/search/browse/species/702/28,Streptopelia decipiens (2),Mourning Collared Dove
/afbid/search/browse/species/710/28,Streptopelia lugens (2),Dusky Turtle Dove
/afbid/search/browse/species/1/28,Struthio camelus (5),Common Ostrich
/afbid/search/browse/species/2603/28,Struthio molybdophanes (6),Somali Ostrich
/afbid/search/browse/species/1808/28,Sylvia abyssinica (1),African Hill Babbler
/afbid/search/browse/species/1567/28,Sylvia atricapilla (1),Eurasian Blackcap
/afbid/search/browse/species/1534/28,Sylvietta brachyura (1),Northern Crombec
/afbid/search/browse/species/1538/28,Sylvietta isabellina (1),Somali Crombec
/afbid/search/browse/species/1535/28,Sylvietta whytii (1),Red-faced Crombec
/afbid/search/browse/species/76/28,Tachybaptus ruficollis (3),Little Grebe
/afbid/search/browse/species/279/28,Tachyspiza badius (1),Shikra
/afbid/search/browse/species/283/28,Tachyspiza minullus (1),Little Sparrowhawk
/afbid/search/browse/species/742/28,Tauraco fischeri (2),Fischer's Turaco
/afbid/search/browse/species/747/28,Tauraco hartlaubi (6),Hartlaub's Turaco
/afbid/search/browse/species/744/28,Tauraco leucolophus (3),White-crested Turaco
/afbid/search/browse/species/739/28,Tauraco schalowi (1),Schalow’s Turaco
/afbid/search/browse/species/741/28,Tauraco schuettii (1),Black-billed Turaco
/afbid/search/browse/species/2015/28,Tchagra australis (7),Brown-crowned Tchagra
/afbid/search/browse/species/2018/28,Tchagra senegalus (1),Black-crowned Tchagra
/afbid/search/browse/species/2013/28,Telophorus cruentus (3),Rosy-patched Bushshrike
/afbid/search/browse/species/2010/28,Telophorus viridis (1),Gorgeous Bushshrike
/afbid/search/browse/species/260/28,Terathopius ecaudatus (6),Bateleur
/afbid/search/browse/species/1760/28,Terpsiphone viridis (3),African Paradise Flycatcher
/afbid/search/browse/species/627/28,Thalasseus bengalensis (2),Lesser Crested Tern
/afbid/search/browse/species/626/28,Thalasseus bergii (2),Greater Crested Tern
/afbid/search/browse/species/166/28,Thalassornis leuconotus (3),White-backed Duck
/afbid/search/browse/species/155/28,Threskiornis aethiopicus (5),African Sacred Ibis
/afbid/search/browse/species/1221/28,Tmetothylacus tenellus (7),Golden Pipit
/afbid/search/browse/species/984/28,Tockus deckeni (7),Von der Decken's Hornbill
/afbid/search/browse/species/981/28,Tockus erythrorhynchus (7),Northern Red-billed Hornbill
/afbid/search/browse/species/983/28,Tockus flavirostris (7),Eastern Yellow-billed Hornbill
/afbid/search/browse/species/985/28,Tockus jacksoni (8),Jackson's Hornbill
/afbid/search/browse/species/252/28,Torgos tracheliotos (9),Lappet-faced Vulture
/afbid/search/browse/species/1039/28,Trachyphonus darnaudii (6),D'Arnaud's Barbet
/afbid/search/browse/species/1037/28,Trachyphonus erythrocephalus (6),Red-and-yellow Barbet
/afbid/search/browse/species/2742/28,Trachyphonus usambiro (5),Usambiro Barbet
/afbid/search/browse/species/667/28,Treron calvus (2),African Green Pigeon
/afbid/search/browse/species/1018/28,Tricholaema diademata (3),Red-fronted Barbet
/afbid/search/browse/species/1017/28,Tricholaema hirsuta (1),Hairy-breasted Barbet
/afbid/search/browse/species/1021/28,Tricholaema lacrymosa (7),Spot-flanked Barbet
/afbid/search/browse/species/1022/28,Tricholaema melanocephala (2),Black-throated Barbet
/afbid/search/browse/species/253/28,Trigonoceps occipitalis (1),White-headed Vulture
/afbid/search/browse/species/580/28,Tringa glareola (3),Wood Sandpiper
/afbid/search/browse/species/575/28,Tringa nebularia (1),Common Greenshank
/afbid/search/browse/species/579/28,Tringa ochropus (3),Green Sandpiper
/afbid/search/browse/species/574/28,Tringa stagnatilis (2),Marsh Sandpiper
/afbid/search/browse/species/1820/28,Turdoides hindei (3),Hinde’s Babbler
/afbid/search/browse/species/1821/28,Turdoides hypoleuca (7),Northern Pied Babbler
/afbid/search/browse/species/1811/28,Turdoides jardineii (2),Arrow-marked Babbler
/afbid/search/browse/species/1810/28,Turdoides plebejus (3),Brown Babbler
/afbid/search/browse/species/1826/28,Turdoides rubriginosa (4),Rufous Chatterer
/afbid/search/browse/species/1818/28,Turdoides sharpei (4),Black-lored Babbler
/afbid/search/browse/species/1822/28,Turdoides squamulata (2),Scaly Babbler
/afbid/search/browse/species/2634/28,Turdus abyssinicus (7),Abyssinian Thrush
/afbid/search/browse/species/2635/28,Turdus helleri (3),Taita Thrush
/afbid/search/browse/species/1457/28,Turdus olivaceus (2),Olive Thrush
/afbid/search/browse/species/1460/28,Turdus tephronotus (4),Bare-eyed Thrush
/afbid/search/browse/species/679/28,Turtur chalcospilos (3),Emerald-spotted Wood Dove
/afbid/search/browse/species/2650/28,Upupa africana (2),African Hoopoe
/afbid/search/browse/species/974/28,Upupa epops (2),Eurasian Hoopoe
/afbid/search/browse/species/2331/28,Uraeginthus bengalus (6),Red-cheeked Cordon-bleu
/afbid/search/browse/species/2332/28,Uraeginthus cyanocephalus (2),Blue-capped Cordon-bleu
/afbid/search/browse/species/903/28,Urocolius macrourus (2),Blue-naped Mousebird
/afbid/search/browse/species/524/28,Vanellus armatus (5),Blacksmith Lapwing
/afbid/search/browse/species/529/28,Vanellus coronatus (3),Crowned Lapwing
/afbid/search/browse/species/532/28,Vanellus crassirostris (4),Long-toed Lapwing
/afbid/search/browse/species/527/28,Vanellus lugubris (1),Senegal Lapwing
/afbid/search/browse/species/528/28,Vanellus melanopterus (1),Black-winged Lapwing
/afbid/search/browse/species/520/28,Vanellus senegallus (7),African Wattled Lapwing
/afbid/search/browse/species/525/28,Vanellus spinosus (4),Spur-winged Lapwing
/afbid/search/browse/species/523/28,Vanellus tectus (4),Black-headed Lapwing
/afbid/search/browse/species/2380/28,Vidua chalybeata (3),Village Indigobird
/afbid/search/browse/species/2378/28,Vidua fischeri (7),Straw-tailed Whydah
/afbid/search/browse/species/2377/28,Vidua hypocherina (1),Steel-blue Whydah
/afbid/search/browse/species/2371/28,Vidua macroura (4),Pin-tailed Whydah
/afbid/search/browse/species/2376/28,Vidua paradisaea (4),Long-tailed Paradise Whydah
/afbid/search/browse/species/2697/28,Zosterops kikuyuensis (6),Kikuyu White-eye
/afbid/search/browse/species/1958/28,Zosterops senegalensis (1),Northern Yellow White-eye
/afbid/search/browse/species/2672/28,Zosterops silvanus (4),Taita White-eye
